feature_x,feature_y,response
1.7153460173898958,-1.3833585831158353,0
-1.4570126129469148,0.7922710977176056,0
-2.295947693623791,-0.6588457881353247,0
-2.1361220970016714,-1.5570324056717466,0
0.3643607667690055,0.06994250519062871,0
-0.09619630402346496,0.277260464548442,0
-0.9071727863567292,2.300054229465227,0
-0.7569717332845969,-2.245112154242742,0
-1.0142637126273935,-2.920938172794002,0
1.5253278662345018,-1.4743919372677992,0
0.5999421563658346,-0.4808044678961825,0
-1.5376374835066842,2.2991189838483796,0
-0.5413119135582066,-0.611517592066453,0
-1.5769492241486767,-0.08761511751261498,0
-2.9687889442552913,0.5683688842809905,0
3.831766571254482,0.9244587159419186,0
-0.08410338049354786,-0.8546843697615303,0
-5.7469336132507935,3.7958259858378893,0
-0.7985558174365055,-0.6011475105751136,0
0.9923834610191443,-0.2087502961115265,0
-0.18576593600521132,-1.2150667872384417,0
-1.1212487969156095,2.8928708576717606,0
-2.3055438209940085,-2.1892704356131873,0
3.5790247945526135,-0.7521265107353658,0
0.8759879565719556,-3.984135153419619,0
-1.1485685399029382,-1.4912894932805003,0
2.0671067808868693,1.8268051581149998,0
2.344646386403338,-1.5770591423746412,0
-2.491916616895996,-1.6096167457213315,0
-4.041440030646999,4.481286151571471,0
1.71311684978254,-0.9026525882820455,0
5.200201829981663,-1.7315621241410255,0
0.4003070133910416,-1.6934172888423848,0
2.1831584332073555,-0.7243372068149313,0
0.46857599852085413,1.3008744692564962,0
-1.7707471069266294,1.4749856150630052,0
-0.43647666496594817,-1.4314270071109947,0
-1.7252111291149592,2.2748353848057463,0
-2.754197179678917,-1.7104322771760383,0
-1.2383989929251649,-0.11859762383992199,0
0.8121429572590488,-0.3134645700639338,0
1.217606047077567,1.3610157475855658,0
-0.4361657848915214,-1.524728855130008,0
-2.86163979641399,-0.4426260320385663,0
0.9654465957294878,1.328891773696033,0
-1.9957893738147787,1.3398216108972771,0
-4.604219053951221,-0.5370761367400655,0
1.4920197400309851,-0.2441003123516496,0
-0.44665345058673767,-1.49066278344445,0
-2.513227285758516,-3.2358141659619157,0
-2.393245392762953,0.2769537410101891,0
1.058971665499179,-0.28662647909945355,0
-0.9916876061542127,-0.41612616713427947,0
1.8338327842658768,0.41335139959995043,0
-0.8347793848106483,1.3628959946419665,0
0.0033804692046154124,-0.22252219674200127,0
1.459492388678694,1.5117494599437606,0
-0.8057699082794476,-1.258221444521176,0
-2.8225647489181283,-1.8875338568917113,0
-1.469078785378752,-2.3780211883373368,0
-4.325656296900483,1.4826164049687591,0
-2.0630593981133725,3.3633762579615976,0
-2.8233810266906927,-1.2238273351669875,0
-1.182534493632941,-3.8990475650508083,0
0.2832116148593167,2.496733450047297,0
-2.034116114311472,-4.018766148233514,0
-1.4407881424431763,2.170907864993839,0
-0.6523500710055321,-1.8836222512574274,0
-2.0969538838724215,2.6564612221847876,0
-1.8633393739452309,2.92694418421336,0
-3.18203556923546,0.09555521643824484,0
1.064485877271486,-0.7032832334975297,0
1.6514978528256998,-0.9985463477711786,0
-1.111457258399647,0.9734931154237862,0
3.266233453245173,3.436587741879998,0
-2.5856046328595745,-0.2340380978073238,0
-0.7254189726444563,-0.03924171947829055,0
1.533781349612213,2.1810690750979003,0
-2.182739155333304,-3.122913626785939,0
-3.262289579280199,-1.3198525484007981,0
1.2630511249923768,-0.24977234856408728,0
-1.0564820893660691,0.4167793098130759,0
-4.412814095647474,-3.024964096462241,0
-0.868439254015755,-1.087898326693561,0
-2.6422867562347876,0.07546161617019413,0
-1.8173732867724726,1.5974006655850745,0
1.3924398053970917,-0.30747645210319446,0
0.057046881599926644,-1.7706933056668541,0
0.7160112750626052,1.2884896662769245,0
-0.26919550538205567,-1.3072552185137147,0
-0.11669839264149968,-0.1632930060023396,0
-1.3775668357590574,-0.4221578468515231,0
0.6034838380162535,-0.638621234009725,0
-0.7876292728139732,1.7807807832942923,0
1.8998650166665294,0.9823269728005539,0
0.5140012279503993,-3.872851757625665,0
1.76613118195826,-1.9989287070558033,0
3.773326567425754,3.708984689805438,0
-0.6901973732614796,1.1763228585255694,0
-0.435622836430178,-2.558191480674152,0
-0.8415402389349415,2.1483490354579007,0
-0.5399235190695989,-0.11391100222163457,0
0.9424688169665034,0.03494848488037266,0
-0.8652580207165412,0.4497525739524282,0
-1.8776971940025806,-0.034152782482051974,0
1.9152008938160143,2.0522467267533266,0
-3.524881837318325,1.3796354150226389,0
-1.4001947453874286,-1.5801107000426833,0
-2.6934099864732834,0.27713993960847494,0
1.8560278776279955,-1.3584960093247604,0
3.4081551046866703,2.8825410696466496,0
2.433524566559474,2.3127584555481673,0
0.6854344164284217,-1.563591559766427,0
-0.7374671239683114,0.3010322327783498,0
1.359531083401032,3.282392009358844,0
-2.954876403870502,-1.387936202254925,0
0.4334854730413125,-1.6340365832045691,0
1.0053964796417953,-0.015326922392224695,0
-0.24428330625491643,-0.7661683209224593,0
2.2193911658149,1.3706290256084903,0
-3.130215203866447,-2.4806560401022906,0
2.1392884113585424,-0.26864978504089687,0
-0.9086961785259535,1.7852547279447035,0
1.5463266848704582,-3.1911179991463126,0
-3.265111490761828,-1.3599043590095392,0
-2.933904738275171,1.3779469185893911,0
0.9231665002229478,-0.026905304195545213,0
2.6220325843417216,-0.6129790130298843,0
-2.0243477280337006,2.3355575638512,0
-1.4880230795553049,1.5113897021656186,0
0.973627488508236,-0.5471805902155251,0
2.7628126506617092,1.576314457222047,0
0.7275323665235649,3.967555976065903,0
-0.778152060619903,-1.7142821570878544,0
1.5106182808716588,-1.7545981313230883,0
0.23523411123226065,-0.9103089744965801,0
0.21896145642065934,-0.6563695099342556,0
2.986313345319776,1.1408625560483054,0
-1.5403287496282907,1.886502999650839,0
0.09822817997496264,3.5500987943462143,0
0.9219045393361073,3.678246511866746,0
-0.060417522911439404,2.569050784872667,0
-2.4038326370520298,3.453657616956937,0
0.7845258343453639,-0.5231724664048235,0
-3.0421038522747295,0.5170861357937345,0
0.47640452655044674,0.17196777506121672,0
0.7836703309778131,0.4116719286298458,0
-1.6473687125906142,1.8995083020441252,0
4.146444279068555,-2.749317064363443,0
-1.6750278266175416,-1.2321633851764393,0
-0.6892724116227086,4.431436401247072,0
1.5783582805593024,-3.73935014118686,0
-4.604693301767645,1.9164505093659734,0
-0.30047522319210146,3.7475720428966963,0
0.4487348364239381,1.4632036295476005,0
0.5459975269341392,-2.386752985142345,0
0.8692193258887393,-2.043406226230459,0
-0.580908887960598,4.389293015729989,0
2.8362720663115435,0.8579120763260819,0
-0.7039724770962433,-3.6647309597239404,0
1.1308717609726142,0.28383365030449903,0
-2.85988068228654,2.944501548208268,0
-1.8840423726848037,1.1953646733983871,0
-0.22128743615885973,-1.2295258377473532,0
-0.7040324203690788,-0.4225483085294224,0
0.8998757070474275,-0.17585021525507766,0
-0.3205073123850557,-1.2874803667941317,0
1.9231507064996258,-0.5380408385669485,0
-1.1104192806434197,1.9878025703671172,0
2.136350374309263,0.9874238474461181,0
0.14294052947445385,0.7088935725888657,0
1.226936531214848,2.3222465993279533,0
-0.013175525750417826,1.2536152045989524,0
-2.4083551941221866,-1.1589363605383793,0
-1.8673253745346081,-1.4455811027101058,0
2.082905383612483,1.2772786285449054,0
1.228565254911065,-1.7347364476433011,0
0.267138545714837,-0.5490146623275746,0
-1.6375559289552677,-0.10781990460750113,0
-3.22263408146371,2.452376001701094,0
-0.062314959709742795,-1.254259694694861,0
-0.5268133408064867,0.13548684755540846,0
-1.3885524854668454,1.3693648180292552,0
-6.410780748031005,-3.019592406471671,0
-2.3604956849912746,-0.7993934269284478,0
-1.4824791935852375,-2.1723790712808904,0
-0.1610825216462993,-1.021308530099161,0
0.6003504878937698,5.47765618054212,0
0.8785600108624874,-2.560212145153046,0
-1.257565817493111,-2.723682435487838,0
1.3763813188602239,0.6738931638428248,0
1.6759109912015646,2.548896241578552,0
-1.201685114552725,-0.7362367622846473,0
-5.114256759341726,1.4415233898771032,0
1.9503780101676147,2.750480351683974,0
0.012375545605494276,-1.303554339805702,0
1.9427321978093108,-0.30114443418623627,0
-0.9431221907999776,-3.1789983479103325,0
2.2228581608951195,1.210122819997846,0
-0.5805967748111853,-2.1213410781407904,0
-2.344541188096431,0.4337499679281668,0
0.15909779338996333,-3.284925331477509,0
0.46502159302108276,0.5478683043226459,0
0.47150397764859675,-0.10891161462084518,0
0.7325535701510207,2.4266051623938036,0
1.8758913163361892,2.2121903325950014,0
-2.147033950913549,-3.6246442945821977,0
2.7489189391701903,0.9528168527650505,0
-2.65491898853113,1.3653608424709223,0
0.5500383727304093,-3.06513460623462,0
-1.4603632146084364,1.2966603626169932,0
1.5616110988681808,0.8403684910352393,0
0.4565215168502196,-0.857079746316892,0
-6.461116726305077,-1.8459233129881216,0
0.03717899712264364,0.8212588494795484,0
1.0388394456768442,1.0427445312194874,0
0.5324948176802189,1.012242731396128,0
1.495454613718098,-3.9317818879776745,0
1.4423556033351121,0.4736995004980522,0
-2.9694221499680533,-2.06804842639422,0
-3.024428625789096,-0.8911325150813654,0
3.0308375404164014,-3.0397745583170113,0
3.7475050262879224,-3.8477291897268175,0
-0.07504920038371271,-3.8809225607316784,0
-0.6624674099189636,-0.5560640958650088,0
-0.7985277784628979,0.5267278282976181,0
-0.19024639351427286,2.7909254263625396,0
-0.4615771340839053,-0.6739660683840168,0
1.4069217656104955,-0.3221411188712962,0
4.530043645551571,2.137733321926175,0
-1.4304087323135164,-2.516301687201597,0
0.3710953156702242,2.685780986414602,0
-2.2639181154961645,2.062180879866758,0
-2.791808540864413,-1.0536627776487257,0
-1.903398526947733,0.8619710324872852,0
-0.643756667828567,0.2258210538121475,0
-1.3672330738588714,0.8368822850119833,0
-1.6111613347485787,-0.44899975713066625,0
2.2785388480419058,-4.714697450749121,0
1.7809578648449493,0.04507319077454329,0
0.0652994754316597,-0.2903078578720665,0
-2.458745026760125,0.17144360537642098,0
-2.6157078398633495,0.9618964859229835,0
-0.7349755217912904,0.326748901363044,0
1.885666276339383,-1.0503799159841953,0
-1.7963821495368235,-0.8785884189175236,0
-3.7829143143361192,3.372504448214261,0
-1.3805242904328585,-0.7183755708442667,0
-1.722095817155977,1.8119960821483196,0
1.4807819268802158,-2.1368270173755284,0
1.8200100754853274,4.563589948473779,0
0.9970391524618709,-0.16241300690302812,0
-2.0121145332674764,3.183939274661748,0
-1.8433314144102033,4.292558293543189,0
-0.07286090121749052,-2.854763926772562,0
-4.638791979007164,0.702150970961901,0
0.809491342051603,-0.82710275660413,0
-1.1006671679115698,0.17396149692397242,0
-3.566365070633606,-1.6646972368566468,0
-2.2269139675654777,-0.03067734646535296,0
-0.4135700377836635,-1.5215940798061736,0
-2.5855088865611067,0.6096931092878827,0
3.5008068799353684,-1.0607290616682805,0
-2.3647113167067073,-1.223807294871381,0
-3.6571751365851144,0.07851445021693298,0
0.5392511540982441,-0.9006182079203111,0
-3.073715078057573,-2.987292174297024,0
3.1403418145260424,1.4791340751928408,0
2.0998031369547845,5.360189152566136,0
0.4374944830207056,0.0421220411340262,0
3.1940629023402805,0.9478437216626795,0
2.5835467970131427,0.41928629076123747,0
-3.2585489962695924,-0.7643598767256885,0
2.975193100073166,-2.4513399279702446,0
2.908629780456919,-2.388142469734648,0
-0.2535948369179083,-0.4850592186419527,0
-2.6981019230047925,0.8687584064164174,0
2.8076594110131166,-0.07568722852948331,0
1.2134606069021392,5.7039698652462665,0
-3.2323242166458592,0.15054781888594293,0
-0.7965588832149273,3.878593831679365,0
-1.709166778548015,0.4240090719369654,0
2.905714740673217,-3.6812111234378873,0
-2.277448686509316,-0.13049357150344992,0
-0.1777950060433361,-1.1291596461211895,0
-0.20812075383043316,2.0764722681935504,0
-0.005574466217199594,0.18339505191614225,0
0.6766244301459865,1.2160298492624477,0
-1.9003377370116286,-0.40642910480210576,0
-0.12664491940005076,3.272306373651133,0
-2.439545639002172,1.6643848859540518,0
0.7005024148616786,2.13563121048928,0
-1.1790746596373862,-0.9351914509915877,0
2.9985088055187954,1.48667035175458,0
1.6648452957293787,1.8607838587862109,0
2.9656078092731,-1.7040214805419192,0
1.289735738822238,-1.5764754692988676,0
-0.47614049648486545,-0.5168532513755502,0
-1.427455031116814,2.9718805541614985,0
-0.30469419616832605,-1.422710041429276,0
1.293404074576449,2.576026372011134,0
-2.16156478663668,1.0199879832400234,0
-1.3820732400843818,0.9306686096689527,0
-0.3803882182509706,-1.3787681342138016,0
-4.815719523079936,0.04613945768882852,0
-1.6316384464808544,0.5767102129381982,0
-3.2495330909394537,0.1240994335607494,0
2.4332074492161397,-2.0030814804695773,0
-1.1816331425473692,-1.6052794874947232,0
0.852185185159732,-0.44682579674414064,0
0.03980080425427273,1.156840565106034,0
1.7101558456498107,0.9667937815578896,0
-2.555380351660731,1.2823327950053771,0
0.7106511484043361,-0.8227995115462418,0
0.33256776039531327,0.7885343844020118,0
0.13823709144818774,-0.31183826582954904,0
-2.215143951346685,1.4429475755115002,0
0.15928272639439103,-0.7881077238010834,0
0.45271661663834684,0.7725820999201742,0
1.0886224569413845,1.294805901183055,0
1.3945135635843078,1.2753066187644466,0
-2.6042619025469183,-2.5712302965266214,0
-2.027839702519447,-1.7343564017013309,0
0.904343786057198,0.9505886398749468,0
1.658914154692743,1.0921810703311572,0
1.5591953790452953,-0.22342805001713728,0
2.2979474185013617,0.35393666648002237,0
1.601285602279625,-1.6224314254459662,0
1.7776161746479826,3.4322327460744777,0
2.3238325534724753,3.746960655048952,0
-4.581464215849311,1.7599874843383794,0
2.6062894676227315,0.9362607708946963,0
-1.4455887883079603,5.383433521868512,0
0.07996453946136331,-1.338554363049686,0
0.24036812718322184,-2.980900351857338,0
-0.5899456239101882,-0.9958650718125799,0
0.23595929084214645,-1.680401857033142,0
-2.2178337014011382,-3.1476324914703855,0
3.4195690656117455,-1.654439428393511,0
-1.1202269457233123,-1.8784278477988843,0
-1.7732107517146722,-3.211305132488051,0
-2.2441372660868875,1.3212836798631937,0
0.9137436866238833,-0.8064413813433029,0
3.0523698444410603,-1.9342989214120707,0
1.2327007746072898,0.47527295432438005,0
-0.915175954788452,-3.174975823492346,0
0.053896848352015664,1.8438032475793307,0
-0.7025735616910069,3.3971995691647208,0
-1.3786118906286446,2.3177333722919866,0
-1.8153041523724427,0.11180117668679063,0
2.788102909249653,-0.17468038259493646,0
-1.9904108811220418,0.5419211091686091,0
3.892867656054764,-1.657569782834976,0
1.6848851450988647,0.5032025536610438,0
-0.4431349686379107,3.064481752176783,0
1.737398686548187,-0.8261724768334439,0
1.5243521953974002,1.0773998153199582,0
-0.1628574651957384,-1.9384008902202075,0
2.1623794997350148,6.104949767429434,0
0.604863216452815,1.610331231488405,0
-1.5060430756997323,0.6264625997944907,0
-0.40119511028176374,-1.7438543041099506,0
1.6483698134971703,0.05629710818506576,0
-1.19383101499,1.1341342176072122,0
-2.284650505401435,0.25422133325619645,0
-1.5923966901719433,-0.03324191704669166,0
-1.8799697041164625,-0.13443063337125635,0
-0.9398891015762524,0.05155554714118964,0
0.8199133473366611,3.4562146335212467,0
0.35853406582436764,-2.586819733325658,0
0.8739616945522599,1.0338907801172257,0
1.4597847799548862,-3.8772146443357247,0
-4.823061460140309,3.3055513611477423,0
3.012252146314932,-0.6517063298314555,0
2.1841273276191746,3.1516388528180292,0
2.4354680344586295,-1.4570170158716644,0
-0.4957722807655924,0.7093123649009688,0
3.912240977560331,-1.9553804644811237,0
2.0327880886941454,-0.32507692986977005,0
1.1375837977448127,0.30438532393518414,0
1.3842947713985623,-2.8340113971784473,0
4.410596361161515,1.5468543020388354,0
-4.490069198177953,-2.7378679910104475,0
-2.4706684597014186,-2.38327201535612,0
-0.8018382671943097,-0.06030278300119959,0
2.7804417691120515,2.6631536059770813,0
0.7945152356329075,-1.412734948813693,0
-0.5297712080271456,-0.15050889905924458,0
2.839635010261277,-0.7026406578639963,0
2.8220883459727295,0.43579250828503724,0
0.6994740510005159,-1.0852047065492154,0
0.7511245118459071,0.468843351221095,0
-1.9497559222848713,-3.1640241968791543,0
-1.491330927215782,2.0602392495531405,0
-4.127667708238118,-3.6811331956900233,0
3.9340648855530556,-3.725537245814676,0
-1.1848460357654875,0.9289669662958323,0
1.6739149124463164,-1.2022567849740302,0
-0.8418820547825119,0.8780481211179325,0
-5.379869369544421,1.7768369510617408,0
-2.963864914115545,-0.6933121265392448,0
-2.454199994801082,-0.3435524995399747,0
2.108049173897868,0.18805311031058697,0
1.2306630749879541,-0.6804458005675182,0
0.047135915175485654,-2.858947997538728,0
-0.10713597023978125,-1.5166327460354005,0
0.1668332146860423,2.233108050231444,0
-3.277761578145113,0.6441773720625251,0
1.461221001491134,0.7515206402411305,0
-1.6294099591072222,2.4355882376343247,0
0.6778698590454164,-3.338720584414101,0
1.522110568080304,2.518304368944831,0
-0.6057152241324681,-0.9518625884162256,0
-0.40406227553055474,3.5570456941109545,0
-3.6125151386186842,0.3608839963448922,0
1.3277141026152521,-2.3305300938204043,0
-2.94582245631705,-0.910177860994553,0
-3.9456745559826585,-0.8105037565415062,0
1.073318167121311,2.8411493121883824,0
2.0023825460733438,2.578580022618453,0
2.251279244436795,0.981451066742783,0
-3.742203095803422,-1.7606351616038103,0
1.3373633443560606,-2.3984239170317494,0
-0.9198105106584661,0.32023586157670936,0
0.20493812961230579,1.0251151868822288,0
0.8896680543071548,3.695789300502061,0
-1.183876567898242,0.019651349632823396,0
0.39619628237291143,1.5885107611573348,0
0.8555070502140503,-0.05805201424329067,0
-0.17645274888341556,0.8810043696370744,0
2.552367197001848,4.935775086267691,0
1.1266446048771372,-0.32551999265473497,0
2.556292599852705,1.5882814443077415,0
-2.0893402555346663,2.2345627721226484,0
2.48595767900513,2.58725156442141,0
0.3280458641406674,0.04196254904596698,0
0.46046155095380825,-0.47123586987555255,0
0.4343618194522003,0.45432155602198787,0
-2.481013815697829,4.184143156495098,0
2.1980477016973095,0.14120089153387663,0
-0.6452354303480043,-0.08725949686260114,0
2.380633720406546,1.3071820622576948,0
1.4996404066216757,0.41878786390630224,0
4.235660372888972,2.9403004673788544,0
-0.9641908607799263,-1.324937022321474,0
2.4893515914023543,0.18703345545282724,0
1.6265873738209924,0.11442081175597721,0
0.5536772477236122,1.6905013544238345,0
1.1198497626357802,3.274869949726572,0
-3.3067478157252292,-3.088716955450996,0
-0.13500221943717747,-0.8336010890350853,0
-3.5646639070179535,-3.2317544495656936,0
0.2359985847061415,-4.401644423797532,0
-0.7584227854285173,2.0783700665019436,0
1.383873616571012,0.8656047376802504,0
1.396176816001428,0.9127165761151294,0
3.5457083449458375,1.284377428721495,0
-0.2088112651780111,-0.5061753231609234,0
-1.2656644584709138,-0.5197199334833843,0
-0.9561578444233709,-1.0947117578882937,0
-0.37981985973934773,-0.7486890363692915,0
-1.7040576632831796,-0.6168501079731623,0
1.7053208323260902,0.4217312573470917,0
-1.9976963410316138,0.15427541178857715,0
0.902029300820808,-1.2338511866975355,0
2.6289643932132054,2.9084248351813597,0
-0.1306270445651534,-0.753979586953989,0
1.5647308780371612,3.694730989862376,0
-2.5765687423303296,-2.434600634750229,0
-3.7608611344875174,1.2801333969308675,0
-0.8014186547772141,-1.685435324470449,0
2.2815152620734582,2.5599852809353925,0
0.2518511415538123,0.31522953587326774,0
0.18039982009554462,-0.35168990623935753,0
0.45800696265927227,1.3468553934993577,0
-3.0263767159884685,-0.3141969226991624,0
-1.1276035485747349,0.8220497606640733,0
-0.14844589179402726,3.570591076096042,0
-1.5624815245931762,0.3083362494066708,0
-1.2442433940756261,-1.068206219993898,0
0.28322025857440025,-0.36800394499076905,0
1.2494005862060402,-2.7381772115100422,0
3.25633263928259,-2.616462637044138,0
-0.04201260866729227,-2.2307773094832686,0
0.12948193464820654,0.5453216616200619,0
-0.7124519190013526,0.9061543229739649,0
-0.22563138065332003,-2.585039856097555,0
1.0140685034591963,-0.06939691762759222,0
-2.108383461923603,-0.6246983170596623,0
0.27611746176044305,-0.7066715345587542,0
-0.25313028468622994,2.182410299825408,0
0.06116341522020275,-1.908287092296798,0
-0.022911680515544253,1.1888034943535037,0
-3.875548041605864,1.9688755130282576,0
0.9027555133172003,-1.117460193974006,0
-1.5169783981631444,-3.752421424041332,0
2.2167386827069495,-1.5380678024187453,0
-3.75420242961799,-1.9412313057219168,0
-0.6662412364580934,2.4080011505088397,0
-1.0336174483790244,0.8017656592611844,0
-0.8108081130680538,-0.9804970047756305,0
1.3984641502539004,5.288913072201097,0
1.5275500712464356,-2.1306228364742212,0
1.145589780423885,3.2912390801742086,0
1.8761687173595873,0.08967376998402293,0
2.1831089120527056,0.0641914073856559,0
-1.339180790984571,0.48686094605989466,0
1.9590466091443033,-1.8883020962963382,0
-0.5747551357914212,-3.291047701411586,0
1.8808774491930935,-1.142388775520419,0
0.1656264753851467,2.703409927569456,0
-1.345230580464789,-1.777286557498313,0
3.800534222022461,-0.17274932844611846,0
-0.10162389669786352,0.22879746703845913,0
-0.43796674805898456,-0.8554874281593678,0
-1.6874977221891911,1.195338386345744,0
1.1565334745852693,0.0334008502135285,0
3.7282144990794044,1.5926614328088027,0
0.5506086768324908,1.4553276772256285,0
-0.016801226785116884,-1.7368943966091597,0
0.6920409983370955,-0.7153646612639003,0
0.2428129179127945,0.8120777487717007,0
1.6228977348225793,-0.35606106011986266,0
-2.3733346417194903,1.8780605596572253,0
-0.5669827164847977,-1.2060997772217195,0
0.9770318675493345,-1.8396857017337251,0
-1.2613791094426026,2.159425678759919,0
-0.2329421852411591,1.4269495080064791,0
-1.1007925579298836,0.5818957212013811,0
-0.11834917340827153,1.7475224190490106,0
-0.977161652754656,0.15932394224137542,0
-2.41562903107043,-2.6583943624930244,0
0.2081021862651666,2.234612369867246,0
-0.6587426644914741,-0.32106676482810087,0
2.7309400845608893,-0.44333775586005086,0
-6.209302442730838,0.2253809547193981,0
1.1206684684059411,-2.025154556323832,0
1.1520810570472726,-0.05419634714629981,0
-1.117015158605333,-1.8414527873312392,0
-0.26046648135963557,-0.06554828857608067,0
-3.5453037272518237,-0.2513915084412289,0
2.1372351019057785,0.44143694809625433,0
-0.5446425642961931,-0.6451417281507669,0
1.6142155216946452,0.9079300843531816,0
-4.267035343475714,-2.944950212900584,0
0.6788930837725927,1.7507732778659904,0
2.287695037902698,-2.3823185818490864,0
1.2941331230922142,1.3423432865044473,0
1.407245574105495,1.7013828704442677,0
0.6393757911970998,0.16794370829235727,0
0.6651858414247208,0.32130889918667743,0
-1.664945998571625,2.847653940736164,0
-1.2414259157338432,-1.1877591608185476,0
3.2227595840204684,1.1029264360991462,0
-0.08138120344054822,-3.345510469481577,0
1.514419667496284,0.2526898652442359,0
-0.0453488789731784,1.9170065875736915,0
3.8636123272925915,-1.5403943886195737,0
-2.359675279876208,-0.9846365949529616,0
-1.7839201822431867,1.777129524581841,0
1.8556607655731134,2.888228842632756,0
2.027387470027251,1.0807763290687764,0
0.6422444785554003,0.9878480709900842,0
0.0031838411687991576,0.7005845511878599,0
-0.36576820954461897,-3.8307563444518924,0
0.23314648049371123,3.3378926959704285,0
-3.7570006827587323,0.6445225569602454,0
0.8718467604637634,1.437869642442315,0
-2.062020970506417,0.5093497219718995,0
-0.26613731369598287,1.361573044305748,0
-0.5430302754274248,-2.5329622495021216,0
-4.496309637136051,-1.8851584354153788,0
0.5706768432942066,4.28903255639753,0
-1.9523371546678798,0.02437239776964012,0
-0.08775375561927869,-0.9828612601071899,0
-3.0737746762785605,1.0667536644118776,0
-2.2190550445547808,0.22895837787224438,0
-3.1946282487937387,0.6259032809908198,0
-3.0372049734199127,-0.36898752854121797,0
-4.455855251147306,0.2687056121984599,0
-1.350865166978933,-0.9347291481578229,0
3.262328429148142,-3.8197572918534086,0
0.7973478299428413,-2.914890191719648,0
-1.219046006090182,-1.6074034339625185,0
-1.3403222228469973,-0.4853110178338599,0
1.3146297152231785,-2.084748550480104,0
-0.14787216928934116,0.43778680773116563,0
-1.025354654872641,2.426658195006576,0
-1.149534551575082,2.8878218431371154,0
-2.19749504048086,-2.4111591266619725,0
0.5501047962368152,-3.1992193610270183,0
3.222819388279237,1.360607379298761,0
0.8726728452491719,0.06556490885047801,0
0.6827463028430274,1.424221710876207,0
1.1191428200426865,-1.3048462968783519,0
1.1540628906643546,1.7158450273628332,0
-0.4195653501245486,1.4649514963800547,0
-2.436171514019306,-1.6324551849636944,0
1.6445709950508023,1.3811738871959267,0
1.8426330849451327,0.6963088933620096,0
-4.088745814993593,-2.1224970235088594,0
-1.2043795730695135,0.1728920469597088,0
1.7653494600386455,2.114599485538469,0
1.7560258662218684,-0.4892884009644346,0
1.2186820118649,-5.747192235889264,0
-7.052919882428892,4.195235621418192,0
-2.0274145489617137,-0.16427379316211402,0
-0.5672717022125517,-2.127150907676494,0
-2.2746757267180517,-1.0764159594923604,0
-1.0070329798494855,1.0648043167288284,0
2.069786234886678,0.7233338636729357,0
-4.202784385089372,0.763060480059172,0
-1.6961188747130462,2.386498988696682,0
3.860817169238329,0.2889151039724704,0
2.9447617669080923,0.052143555680731556,0
2.4068256320159933,-0.5691183896862101,0
-0.5771475235865084,-4.495486064691432,0
2.947583425017694,1.6629753238432945,0
2.6219190455984167,0.03072120325178525,0
2.411237568128032,0.21628190380367257,0
-1.360051240662517,-0.6581460395108487,0
-4.89821331487193,0.8692543831830738,0
0.5548358436477904,-6.163375545734042,0
-1.0170330192929953,-4.2255518709832245,0
3.2205435748277953,-1.6996915818742044,0
-1.541681096663857,1.9171531215848057,0
-3.0237694808775384,0.2660016948535057,0
-2.8886833093953146,-0.5265850139919559,0
-1.7353473898342042,-3.2973442991579955,0
-0.41783935688633383,-1.2585518926531873,0
-2.883260332503755,0.3680497089096379,0
1.46154845681138,-1.4921749634334798,0
0.5529000045839074,-1.3363211868961933,0
-3.308045798359361,-2.43712508779713,0
2.661987999941756,-1.1274989820020933,0
-0.8010420708238317,1.3262275543496975,0
-0.3371744170845772,-0.04861684282069095,0
0.21292403406718058,-0.6491515555390884,0
-1.6181275033490585,3.788667142948194,0
1.7338288973948,-0.3985528640349262,0
-4.5054517747204805,-2.445709477997582,0
1.5756669601191666,1.5434004061462412,0
-0.5955159084919635,-0.06742876498257881,0
0.7604507620084173,-4.036196559030059,0
3.313522693627426,0.6163368741054694,0
-2.7754766165425893,-0.30677241576250824,0
-3.4419241673532466,0.6234521037556857,0
-1.6611551379634115,0.4049223771165014,0
1.6347614442954252,-0.9220781536116961,0
-4.1452894682467525,-0.8963442014209073,0
-2.606843524284025,2.716006223959509,0
-0.5323563789147153,4.2199701487735215,0
2.7689810583630585,0.22954760123374243,0
3.1405803848318086,1.2934135748530435,0
-3.248490617829811,-1.507345069152431,0
-1.314370430362867,-2.584214476781254,0
3.3027236736241607,-0.3829466164824623,0
-2.867380761057716,0.15856162084640818,0
-1.2113908828027746,-1.515036470644865,0
2.192023984123329,3.4195124046036365,0
2.2858732050789623,-1.620182656539202,0
0.12596409612233295,-0.5197360638118956,0
-2.1339023830500166,1.6140553876212327,0
1.7476044474563424,-0.3535915980881711,0
-2.329574601373191,1.89195128017287,0
0.05792179039725045,1.4188343719413221,0
1.835188166758717,2.988036849089643,0
-3.9808821386911655,-0.5267052527091051,0
-2.2315746708583264,1.1159215829394697,0
-0.7282960222675503,0.8111171872075381,0
-2.790344507944272,-1.2269412335971974,0
1.981289515306723,-3.266471301855078,0
-1.7493303244092608,2.4851933195650795,0
2.388605906147597,2.185179640524927,0
-2.689691271992332,0.6305104305572192,0
-0.05463616317296928,-1.819409524782518,0
0.15661123213991768,0.15710878305227574,0
-0.6838317530477444,-4.370434809302543,0
-1.2910711798799808,1.8077303629943333,0
-1.6326698003994267,-4.645843144199555,0
-0.609101837900857,-2.624199531247156,0
1.2972343546394618,-0.9850211233989544,0
0.5762522482505232,-0.7504438118482192,0
-0.8460549569806206,0.22728041115254777,0
-0.14158880740145116,3.613492122997541,0
-0.30885587662021835,-0.5294278049722473,0
-2.9073807362731388,4.44686629360883,0
1.0535761940131043,0.5486987332154497,0
-0.8387761102434157,0.5605554200299606,0
-0.17231219043790857,-0.6253225757493712,0
-1.974020671101714,3.834984658759189,0
-3.8915440350126693,1.0948859313425696,0
-1.4184615394554256,1.23735923960694,0
0.6110221612497578,0.6963607816142355,0
-4.183815578445171,1.3766033981370362,0
-2.571611027204448,0.45053031107864383,0
-0.32585149632244176,-0.20485815410497596,0
-2.531315030848363,-1.8967321179022596,0
1.8079234451163027,1.8209711998665856,0
3.2249250264004354,0.5860475972465752,0
1.322357042104924,-0.007120385306666748,0
-0.1185934405682948,-1.3086875396898114,0
0.5290736023882721,0.37860001856269243,0
0.11872058147761888,0.8085005806916145,0
-5.685252518259394,-0.0015055260658432415,0
3.0627433707040157,-0.07533972749269184,0
1.4819407550630954,-0.3599920608631767,0
1.2060392269388542,3.9068696290207967,0
3.7220936653688614,0.4239291421562203,0
1.1361380404285202,-0.7053058102375789,0
-0.35217341304052047,2.5632532500773193,0
-0.2800916396412338,0.4514427238980961,0
0.7845698654178043,-0.10230355786069203,0
-0.007622787077467154,2.644656482176536,0
-3.423117409169654,0.9845755359266471,0
3.7222853182559716,3.317490023161037,0
0.24668287224263294,-0.18820627530250744,0
-1.97262625874589,-0.15188698737702366,0
-2.398913220210426,-1.0615906309585412,0
2.0248219587293974,3.7262716965650036,0
-4.805567268697975,2.8151033134343817,0
-2.6795157912703265,-3.1088602761091755,0
-3.27083328015887,-0.7387005116445473,0
-2.5128806145177043,0.38406579379291095,0
-3.394486167711867,-1.5240280251556944,0
-1.050143334221093,2.3750432924732228,0
2.9270556533545435,0.7017526558047241,0
0.6878318860666169,-1.8184078250673132,0
0.646282115579481,0.4582990955605261,0
-0.3375709229743525,-1.4181087748230137,0
0.5902490560349437,1.962250650115244,0
3.0392751890782415,3.026909111980667,0
0.5041396377262404,0.21033434238878687,0
-1.2999724915114848,-2.0539993779876777,0
3.0118113944488023,-2.556547104218118,0
-1.1520199804080737,0.21145269137848413,0
1.571634288050449,-0.13466394863890774,0
-1.2666818575274565,1.4839696075278068,0
-0.38960445322078463,-4.122991660643185,0
-0.2312152498138752,1.0799690282178547,0
-1.4746402472022206,2.1298561098059703,0
1.004564079252133,-2.2453473113262716,0
1.2617771101178845,-0.2764105978059901,0
-4.716548789549194,-0.03550094097085488,0
2.1802607976160013,0.6786835210366704,0
-4.1827417921397805,3.7765217639893867,0
-0.41295213245465195,1.6732373405899366,0
2.530994616501895,0.805773708649005,0
-1.6305838757110789,0.25436628053518184,0
-0.7560774799372039,-0.8310312221160345,0
-2.4748381602730563,0.8513592774182773,0
-0.6281067537973716,0.6987073324403402,0
0.7834201471956003,0.3789478809184145,0
1.3955887805202705,1.653985785270017,0
-1.5800558615428584,2.035261812467159,0
-2.1918455763171587,-0.7781611302584326,0
-2.067159769886907,-0.43083766830743164,0
-2.0551530850990094,2.6879347057525074,0
2.2568892800106077,0.07665951113641269,0
0.2819515746362247,2.75881342961203,0
0.369924023847845,-0.46866475946066666,0
0.8297846120628506,-0.4158882988500888,0
-0.53943548973946,1.8359578391739517,0
-0.3009311231744546,2.8257379261519793,0
-0.9708586682776044,-2.5628589358305685,0
2.0718253365334203,1.246183475720009,0
-2.9679898780315983,1.6356093586106093,0
1.1353830772589542,-0.686101318694977,0
-2.3037925135840416,0.5578108061704209,0
-2.294635745213409,-0.8928017776811271,0
0.5114251779120418,0.618615440292603,0
1.2234216721878173,2.602258163106568,0
-1.5917946065421122,-1.046291297107199,0
-0.6433664351122771,0.7446464214382023,0
-3.4799429716573553,1.9582971530450615,0
0.6032084782158731,-2.7691931887662316,0
0.8139800293466498,-0.4547570806746016,0
-0.7707788062229765,1.2525465255849482,0
3.1367670047408316,-2.3838603669975345,0
1.027160771570604,-0.03689093580024981,0
-2.5535051841884955,-3.5594136016268614,0
3.1807596935290023,0.6134014426438207,0
-1.3475816440182404,-0.5881183738973008,0
-0.9603948038890777,-1.6383677175101623,0
-1.719668091769172,0.06051084048939409,0
-0.9369929559564785,-1.1074910579257793,0
1.4029112400771795,1.1855658930923267,0
1.0083857427064435,-1.5254410638323495,0
1.7189232398404222,-1.620717733373632,0
-5.224725451955648,-3.6114573613423357,0
-2.378980273914853,-0.042910129870697776,0
-0.315560846235914,3.057609996563923,0
-1.731750784675627,0.9054719064494947,0
-0.3363647931763028,1.312622102225567,0
0.15275301028468494,0.3661887093936246,0
-0.1490062107511009,2.8965515518007003,0
2.027333369724214,-0.19863098771022875,0
-2.2224036986721307,-1.4690027978518114,0
4.561570146233208,-1.163581181616937,0
3.4018592982362175,-2.299313820526879,0
-2.120854359549923,-0.33641284111630615,0
1.332452306160252,1.9179784571725236,0
-1.2490460892320887,-2.224513107644506,0
-3.39588300410577,0.9138847471771928,0
-3.8380987475958226,-0.14256167484594015,0
-1.1939425133169483,-3.3876993154322537,0
-1.4476175902109691,-3.0776632631461527,0
-4.3864291424288755,-1.9945272438380262,0
-4.169768314352906,-2.542743724376733,0
1.0463191296243521,-2.9736140496488646,0
2.075871995231535,-0.6546124870896658,0
0.3436800607165836,1.2957003109196537,0
0.08845103918235542,-0.3422501015083345,0
0.5901206831145781,0.5633546830943651,0
0.3282070471844768,-4.6900752705069495,0
1.2987787295877855,3.193084879449446,0
-3.549243369674023,0.6607486566329617,0
0.6620973864739754,-0.27708082184262894,0
-0.3806551715995917,-1.6573792223149542,0
-0.9730910136272628,-3.1074464131745354,0
-2.0830003626939195,-3.922122907098316,0
1.8939082084676901,0.915072121271407,0
-2.251709180585696,0.3310210658178068,0
-0.9192133554330902,1.178181970159671,0
-1.5519069067616467,-2.6954910760380617,0
-1.3408062730294064,-2.5332597989389813,0
-1.3708366530493568,-1.3062530510312842,0
2.224548118671068,1.3060127251351452,0
0.7289999910419888,-1.4994886373957408,0
1.1252516714460568,0.21704104432652466,0
-3.569572727931911,-2.593646045123394,0
0.007415126333052858,-3.0248376667158796,0
0.670003146831763,0.7051342757419653,0
2.473689839420349,1.038941825456012,0
1.8284215568063142,0.8438622510620167,0
1.223901778288107,-2.9214670483799856,0
-0.12582892399140705,0.5472198784859412,0
-0.5788724232922801,0.2594475030129414,0
-1.5038186374227258,-2.3826522579818152,0
-2.162283952361112,2.841267904146255,0
-0.02893182215633237,-2.134273332992247,0
1.2108330637057825,-2.110914682853436,0
0.23769575933971385,-1.8155858413490307,0
-0.9527649211338136,-0.18157635238876482,0
0.21922874531784414,-0.0354645778283108,0
-0.6909997634032804,-0.6484036579518813,0
1.365764321304549,-0.9254766919232608,0
1.2994120372243756,3.579932955678148,0
-0.48586138290023,2.1366359331446514,0
-2.2543521797576385,1.4696519436384945,0
-3.081055078048972,-0.29546815596003523,0
2.0626786236419017,-0.7778057330948593,0
2.1305436006373704,-3.6715057889438576,0
0.30901686761852776,-3.2351347064849567,0
2.568984736866571,0.06200673378139041,0
1.287128174396712,-0.44453611072434474,0
0.4768763802294885,-1.318340592927049,0
1.5989154271754842,2.1197075867642874,0
-2.217193068826616,1.7593994388052092,0
-1.9038007034010698,-1.497957200183506,0
-0.6514941467058659,-0.3307092272645469,0
1.3735227533296253,-1.172972432385422,0
2.5104613013885952,-2.514859871942385,0
-0.6011430235971669,-1.6439213590160253,0
1.5191202842543647,-0.221726043633516,0
0.29164018984276746,-1.0718085416331913,0
0.846993553042171,2.602454064919634,0
-1.6878374034097554,-0.00744316473418843,0
1.4752159139173144,-0.29235207695088966,0
0.35008238685537035,2.0351153087474927,0
-3.6677942734606113,-1.2598436946939293,0
-1.1411872809070245,1.6683246916575107,0
-1.2858336037896378,-4.7994851745137215,0
-2.5780875478616743,3.873375584447744,0
-1.8099009666907475,0.7873757321229256,0
-2.686144296672852,-0.8116226039773176,0
0.38071660114059713,-2.2249483562569914,0
-2.179641270222269,1.4002097332879846,0
2.157496653715959,-0.578339287526875,0
-1.062445475933322,1.2400402992826443,0
2.5908366388567154,-2.158182281779298,0
-2.610002542535724,-1.179664627218173,0
-2.0902177290939696,-1.1432663599933337,0
-1.1112602269871628,-0.4263137985226729,0
-0.08933402287398033,0.9610818976183348,0
1.249139286349207,-1.5486433735281027,0
-0.563003834477583,-0.21617057998247619,0
-1.5372986804988689,0.5899833858687709,0
-4.072630061851396,-1.3034210498644885,0
3.517653087355696,-2.1819165403743646,0
-1.814026522806227,-0.9683787332289635,0
0.4398502924386477,-0.6081933611403568,0
1.6422118889007231,-0.3538445902470451,0
-0.8669415039695586,-1.6086267086932786,0
1.0958031014939078,-3.2336953877046533,0
-0.7195743766532151,-0.9192952137957681,0
0.14325969973653868,-2.956312274941193,0
-2.2220968057980945,-0.8606637575684932,0
-2.1686970700155905,-1.4939827474371594,0
3.560960692914331,-1.7412734481906496,0
-1.8398585469231157,2.9257598805168596,0
-0.4857120158087548,-0.23875782989973104,0
-2.743608900034078,2.8460550681686394,0
-0.5309840527950054,-1.8835864044032895,0
2.3935708930718502,1.8443200116967406,0
-0.5434238838430081,1.6178056410584905,0
0.43579335829370547,-0.41718919804556964,0
-1.1389567585657914,0.04535384393300031,0
0.12284145334672616,-1.9553942414996546,0
1.6098804283903276,-0.707183885581229,0
0.10160201323831165,2.4462101079985437,0
-3.357545205121609,0.006196116657659996,0
2.156621050753201,1.487786116789108,0
-2.359532895659971,-1.4769252359047842,0
-3.4921364660083074,0.6919572245675549,0
2.322973314633251,4.035762930078051,0
1.6183858461845404,2.3782401314329578,0
0.9921574903481359,-2.748900904887044,0
-2.3393565018858196,-2.1480558798939517,0
0.2188035169105721,-0.6491943304166979,0
2.3672015407076787,-0.8053145916582793,0
-3.524298487621563,-0.6427047865925044,0
3.3441252408690936,0.1222991414440592,0
-0.26367225573515385,-1.9088615763527892,0
-0.5608331472122584,-0.8698785897448035,0
3.237315877146174,0.9679996155145678,0
-2.174997377190036,-1.441885177353782,0
3.0091641149963375,-2.9787185840965047,0
1.4929897207719327,-4.164552397123974,0
-1.256893878502036,2.497362671205379,0
0.005681297939503273,2.906378370298357,0
4.7266717405938605,1.0149575677014084,0
3.5234410090875845,0.646120847399282,0
-1.0948552746547646,-1.3201864344383651,0
4.61633601236867,0.42966687324634323,0
-2.950046855276583,-1.266180937197468,0
-0.7081739686019768,1.2518607618805104,0
-1.9437289122491639,-2.48627573616192,0
-2.435006604725302,-0.2561068552447732,0
-0.053934000095659344,1.340920097292658,0
-1.2790188415919364,-1.225948354259074,0
-2.2752112152773454,1.4482997070515307,0
0.7899302526679625,0.830698647686426,0
0.5123574136057436,-0.6947500846016985,0
-0.21075441636883988,-1.9698687167547433,0
4.034834565744144,0.8358202507364013,0
0.41505512774761205,0.4442665655618447,0
1.6048860599795736,2.2389409595153786,0
-1.7553144695499787,-2.538306506490282,0
-2.7443573733529694,-2.3364928179721005,0
2.9611611558394597,-1.7518593598829053,0
0.7885183154723293,0.6212438977968879,0
1.6605864648834645,1.5198830707364523,0
1.8252373134664763,1.3522469018334458,0
0.3522355851074256,-0.6836905396290707,0
0.347332451867857,-1.0553966272070865,0
-1.8463458994257427,-2.762577856912687,0
5.488604093619471,-1.9239879859905686,0
5.115239525487585,-2.2029871410744524,0
-1.2954506507172852,4.932306295575638,0
-1.453455732577337,-1.2672881266677378,0
-2.1397399768209096,-0.2942764585860763,0
1.5373530474770303,2.4015733087904456,0
-3.7157578715931696,0.06923900212481963,0
1.6997810480844096,-0.272255387267145,0
-1.2880582700572498,1.8128978075989788,0
0.6533212587642382,-0.5680650689408117,0
0.5768315338632157,0.7842565003517388,0
1.4553790875179793,-2.1398152564167434,0
-0.03476951865123722,-1.801666219137959,0
-1.7861915111375701,0.2286686059599107,0
-3.4688737592485084,3.116716360972716,0
1.0748030124854648,-1.725224447924137,0
-0.39330982330111275,1.4204281121701259,0
2.991020622897656,3.7822354274016283,0
-2.264855414004494,-0.1311300095035578,0
0.6130017035632352,1.2559378297289487,0
1.386373896294814,1.5344951012353871,0
3.7758453924638657,1.965977055799746,0
-0.5638364524497294,2.113960419569583,0
-2.3330602526955153,0.12327545672684476,0
5.702797095683547,0.595530322654199,0
1.4242483507257662,-1.8240692454314151,0
-3.0991383915131516,1.1291142302922945,0
-0.6012404434720979,-0.9718804410433711,0
0.31412106836104325,1.9370801729855263,0
-5.78154110960975,-3.5195771040218773,0
-0.49670570291681465,-0.5201731359005439,0
-4.390791423765903,1.109563299095611,0
-2.10794575663126,1.6924859484927608,0
0.09827883111272519,-0.5820842459298623,0
-0.017127349236653006,0.45575472627578434,0
2.4490132459841893,-0.029974125315321908,0
1.0323659068216662,0.5658715758694591,0
-0.08629942962669532,2.00436587666988,0
0.6951739379897837,-0.9549412897718526,0
-0.5013858989014702,-1.5750317225780928,0
-1.4512296898032617,-1.97098074190847,0
1.3818564109203784,-3.0270941119081822,0
-0.47255819168450647,1.6211671284502343,0
3.6915559315707354,-0.5194237220082439,0
0.37074685378469546,0.7171379012460082,0
2.999569599554855,2.3610658720759266,0
2.9549119651076543,-0.5211133634262098,0
-1.2582509523418735,-0.19410860064639396,0
0.8811506247178084,-0.8020026863059894,0
4.17089423887451,-1.4816375234643342,0
1.1395614690258526,1.0203969454451978,0
-3.0164436241709645,-2.6332910027942678,0
0.762222472688834,2.1051939079342863,0
2.6745827945210014,-1.9885430434242832,0
5.2338277740187795,-2.6300942529694167,0
2.3991084795483197,-2.4113218261863016,0
1.843061526002902,-2.636446641819799,0
-0.09372883245543821,1.9194080834218543,0
1.9538328059285675,-2.1382385943409985,0
-0.015080565097167379,-2.935039664898106,0
0.5205265324302507,0.39473136934020575,0
2.126995420729755,-1.6425775781695102,0
1.0959644140881803,-2.174207800496732,0
-0.9113063175206685,0.2386165089657303,0
-1.1864613386927771,1.376991358764704,0
2.5746659133190533,-1.2048244769130203,0
4.2577286242521035,2.0933778261945397,0
-1.5126847564671848,1.0783491668890655,0
0.7918197230714056,-1.074199855313898,0
-3.1391437941822087,-2.333307604313575,0
0.12965908548250105,0.6422994117346663,0
-0.0918131277994131,-0.9595099479627456,0
-0.18146879400549015,2.0236100989272474,0
-0.1141428824261928,-3.611736884973246,0
0.5256208085923937,-1.2035006850567709,0
3.0899510699468986,-0.08017917969575407,0
-2.6315304660963004,-1.7066395251286313,0
-0.8813293086135333,-1.8103433193695084,0
-2.563509520204638,-1.3618014312275937,0
0.6934401954444916,5.470627579700541,0
1.2790196106721567,-2.611683381791875,0
0.7276853993638662,2.2121373398845505,0
-1.4315243467480587,0.01572500698842431,0
-0.31138288891867244,-3.515780255029875,0
-2.203046270673571,1.3720995797566087,0
0.31873252224526555,0.6013087641961457,0
-1.0255825787004917,-1.413003560650156,0
-1.4701954286160905,0.5006935764310462,0
-1.3630217559317828,-3.628000988669519,0
1.1329042466486143,2.4407542778669096,0
0.459268294729642,-3.005330424052801,0
0.9386895829548048,-0.3998716476072082,0
1.4463579829285924,-3.9387568950870384,0
-1.3201999949149534,1.2764086583971959,0
-0.49470619676780814,-0.48298908190586387,0
-0.7018994224015244,2.8157527142651575,0
2.342127123882897,3.7280580014708957,0
-3.480351688620148,-1.0546369702310636,0
-1.6777960826219351,-4.071453609073277,0
1.5047937829392373,1.103753947357293,0
-1.498955167535685,-2.0263508488646864,0
-2.61255500818947,-0.19537333096223647,0
0.3515538591052579,-1.4845796338268624,0
-0.7023030483630835,-1.1090419957420288,0
-0.30624841589031143,-4.092899060382189,0
2.5878141701244193,2.752231840297579,0
2.045333533588185,2.101995271733599,0
1.0023500713235651,2.1097787811342994,0
-0.7076496749873143,-2.2947644405423415,0
-1.006210544648153,-0.810101858213686,0
0.3564835388694547,-3.135003599180264,0
0.1260689688801198,0.47596248581427125,0
2.5042819502603475,-3.7011663780923585,0
-0.04617494821663049,-0.49959644936751346,0
0.8710673419170709,1.959919322803073,0
0.12245212680388376,-2.6739635071263335,0
-0.6214703385730613,0.36640685265529915,0
0.1511600652453628,-0.09662242585128358,0
2.4534782079097184,-2.5795427313499055,0
-0.5126997849222715,-2.289223767855098,0
-1.0626573838416522,1.1152360884242154,0
3.2614622954285606,-0.5551343868033638,0
2.280930878122121,0.40586967944843566,0
1.3126579116581025,-1.324582048996521,0
1.3882479115187891,2.650705742299337,0
1.3459616089632982,2.065497666594512,0
-2.139417050188298,2.784335587606049,0
-1.6739208046554854,2.8572667801883447,0
1.6895934891791626,2.6941543796421827,0
1.7029283158209307,1.2789331697261421,0
-2.2137144179752757,0.549197602932504,0
-1.216562540018852,-1.912259916166619,0
0.5934443641314976,-2.416427007884531,0
1.8641229074999548,1.4898501223351426,0
0.041920069542776266,-1.7174448598642473,0
2.5024305536708695,1.7294705069333614,0
2.754153364127416,-0.031423664705313346,0
2.5648383970721538,0.04661545663541908,0
-2.6627172501861764,-0.5864600568225596,0
2.174404601403305,1.6782172745100625,0
2.6445467751877003,4.5806994376200985,0
-0.5087846958706548,-0.900369691868656,0
-0.7334136620171404,1.0824527246762061,0
0.0776662149315591,0.646125291132582,0
-0.11244934359735131,1.4080557081655878,0
-1.2798832925209682,0.9104749744668807,0
2.628707598656075,0.9859361715446503,0
-2.2225899551644006,-2.0087870779649655,0
-2.0090405496303907,1.4473747347565553,0
0.8007368454890298,2.0157571620692707,0
5.31296114336739,1.9747419820636216,0
2.2134760947528918,-1.8536054082652729,0
-0.1347388990322617,0.7941373511549966,0
0.7410413271022301,-0.013803764323964966,0
-1.2510774381584995,1.5738860035752709,0
-0.06396767481294649,-1.5008881005414856,0
-1.7163753693404566,-2.176242221765079,0
2.62168507670404,-0.44564919457080127,0
-1.6994095325629366,-2.994956549820209,0
-2.3081428915855926,-1.816217256632251,0
0.8536871893114105,-2.4344343594709614,0
-0.5829307123938138,-0.38724521719982646,0
0.013476801335260094,5.911966547250219,0
2.9666292639456207,-1.9780226736297037,0
-4.383693429700559,3.3747331131843294,0
-1.347375319119775,1.5729356830091488,0
-0.2266887396371176,3.475427173747108,0
1.1442094350773973,-1.1274465248467633,0
-1.2669542622137935,-2.959931203510523,0
-0.8604148828162639,0.4344068742257042,0
-0.7914989407277938,4.567151249378042,0
-4.3062260001754575,-1.1048186369369704,0
-0.12444909889721668,0.568394235935814,0
-1.2413041215701102,-1.7133908081912677,0
4.282235150732374,5.6231127497251086,0
2.1131436138749207,2.6088526915326966,0
5.153739672590545,1.0008538860115648,0
-0.07504370744878196,-0.556928854457943,0
-0.19046262429105157,0.317020692186033,0
-1.520538648325399,0.3561701479854967,0
-0.41966544040652615,2.1636229022249505,0
-2.588485381390563,2.136749079015869,0
0.06981901596277014,2.83495288772174,0
-1.8528565178806862,-0.7196270866688584,0
-0.16942077471636585,3.500803672263724,0
4.498549631637286,3.0674328054998785,0
-1.2843591956292026,-3.0472061198283753,0
1.6628589361058403,-0.6684068103743348,0
0.3221280918956218,-1.8237082287885213,0
-0.04027027423113695,4.436627177063072,0
-0.5064615702430437,0.6321343110707587,0
0.25566747156655567,0.705670848569097,0
-0.26504268507109185,1.9868695717422322,0
1.2568372209469534,0.977503760147459,0
-0.26684598329946274,1.2711727959601768,0
-3.229876987725491,2.343668714652976,0
-2.071221007753842,0.5517967324308324,0
1.6270007519708052,-1.1818122158912974,0
-2.9644456356337066,3.0599864439570497,0
0.527183192806482,3.2788534889366576,0
2.618116867978992,0.4086967904283589,0
-3.5632111487071034,4.100936762388431,0
-2.895474205667514,1.7013227886597528,0
0.1696867287485891,-2.0172470215728358,0
0.10765443412233804,0.5487136109394762,0
-1.0237475736362183,-0.04343971705941417,0
1.0757826297533768,1.4679304746163964,0
2.602597394902835,-0.16320027885946423,0
-0.5077523239992733,-0.4904092338695011,0
5.769037281206566,-3.856093519190465,0
0.9749644226303716,-0.7746360199656234,0
-3.4075730363245116,-2.275796813874798,0
0.7655552380765951,-1.3698669904862804,0
1.02672268085753,-0.6206469289436944,0
4.994221602595839,-0.7382385150762232,0
1.8333744966418528,1.2854750708342417,0
5.6735900803417065,-1.6278630113653723,0
1.7902245381081918,0.816712313536851,0
0.06306148245895996,1.7245300661277372,0
1.0877398205047641,-5.635555448744112,0
1.4848656235395283,-0.045129383433905254,0
5.271697913222842,2.0503603738451197,0
2.756119256951113,-0.1395205130555039,0
3.7037237161474055,4.468444796638434,0
3.19799258009738,0.1412331002059725,0
-3.4532385468820195,0.5734129366743124,0
-0.8961715486011577,1.7144227204568907,0
1.2255653141620413,-1.696354054740768,0
2.2617146563862116,0.9852366870330717,0
-1.716077934791614,-2.5246420402394607,0
1.0848575175057953,-3.926615679766673,0
-0.05167846575451682,-3.033661156976983,0
-2.6734142306974684,1.6208851601174852,0
2.5154422782023573,2.5634105284773314,0
2.2008366056165585,2.513146813178454,0
-0.5516191800017444,-0.3996094357434012,0
-2.116335985697735,-0.027561622414590734,0
1.813110832643219,1.7011597958406026,0
-0.3050229048427201,4.274071000120846,0
-1.4133707254672871,1.5935715510977617,0
3.091262188008966,-0.40924225788416113,0
-0.7403815856032491,4.123119118409209,0
1.3826824901880874,0.16694465164272232,0
-1.2604486433714417,3.2127073882576243,0
-3.2183554148522973,-2.2427842695996065,0
-0.794022287888131,1.72330832614024,0
1.711452218303929,-3.0070786276220742,0
-3.3020078317307493,-0.38402267762342424,0
-0.1728415353533188,1.1283281608716347,0
-1.7704804538086183,2.5010822538810995,0
3.3394220292014207,2.5353315693939895,0
-0.049695189368190944,-0.4080085528107817,0
0.2395451842817354,-2.1238878076786736,0
1.2767942778406391,0.8085793145463218,0
1.2144213105666766,-1.911957181292102,0
5.136272660810239,0.4740087698917621,0
0.29521627239832093,-0.032678405420660535,0
-1.32473978892223,-0.534482264367761,0
-1.344617812828001,-1.8722566090135646,0
-0.44987647506248196,2.1615424178286906,0
-1.2568804337264414,-3.598813564967388,0
-1.5422013967376589,1.1797376802889585,0
0.6999977542670615,-1.7918948230117004,0
3.2876791346309595,0.8375280354609164,0
-1.156763805577149,1.4437160921668477,0
1.7831095027090145,-2.043811448051671,0
-2.2809715532439334,-0.8770663261738211,0
-0.3835631705184594,-1.3946450210078927,0
0.45162440786084473,0.43420542529178185,0
2.3959690360620303,2.722508555265481,0
-0.4951181905912967,-1.7884750486040506,0
2.0368853059829903,-2.027834697975989,0
-0.1386248055096127,-1.0783540965010756,0
-0.711022219556952,-1.1542588644680323,0
0.3976498524776847,-2.6896548915434737,0
-0.6561785855248673,0.5222029758773481,0
-0.7909850165125346,-1.5622827424847385,0
4.016692247964507,-0.6301667496620122,0
0.8920063676102191,2.9124463652002484,0
-1.6521895275179583,-0.46010231682875563,0
-0.5972827022607091,1.1413232965825426,0
-0.5568916238423307,0.7033470938149976,0
-0.3176740963118548,1.6245632076748386,0
-3.5690732790905066,-1.8525237404511945,0
-2.5727701813089254,-3.2093646186369917,0
1.639722498465796,-0.9546121103241106,0
1.6153226965039993,-3.086424046672855,0
-1.659813978671435,2.548063246561638,0
-0.8494621822141281,1.1286238168051759,0
1.6279430712588188,2.5696531640853113,0
0.01746680889261211,2.6664966963933567,0
-1.5190516575615765,-1.385816868254993,0
1.9642549204260766,2.237558618236399,0
-3.1045155000280635,3.1192921306747308,0
-2.324434455150893,-1.4274156978793713,0
0.29407412757952595,-0.05676956232869817,0
0.3147786504418114,1.0009810394547025,0
-0.0824276832279751,1.0820009429517794,0
-1.260514131112921,-1.1896149593286311,0
-1.0717619954006923,0.2508936295071783,0
-3.187907303632815,-0.24608835838131765,0
-3.7704918971074837,3.848678292218313,0
0.7225050599460651,-0.6782582653054782,0
-0.49788185759224957,-1.091420097826521,0
4.6740271424265245,-1.573730340095241,0
-2.789298110953173,0.32847695461267573,0
-0.19397844148296636,3.6988661155819376,0
0.7847096058956979,-2.042792850675325,0
-0.27752562920297513,-0.4817338626451208,0
1.1216288344357304,-2.640583171135248,0
0.4406172108491518,3.583695636912783,0
0.5504000473261406,1.8742641885154363,0
-3.1799207407464696,2.121328022876546,0
-0.12185791896945267,-1.2063736958069782,0
-0.08073317442912409,0.24674573579480832,0
-2.88637163490635,0.251957332975415,0
1.6529166481463256,-3.6717741934700796,0
0.4868293821550483,-0.22391632066196882,0
-3.6715828598352855,-1.0776698273873062,0
0.7521151663746826,1.1608582327249637,0
0.7006320421684393,0.0317938747425069,0
-3.039246914722677,-2.033014134829214,0
1.1146914000347712,-1.019742742322756,0
-2.309657895171519,1.8257086221703578,0
-0.17474567566243798,0.5750756724976317,0
-1.3618932852225418,1.9830339036927347,0
3.6933552478517084,-1.6502647899639518,0
-2.4544067358224106,-0.017453159330262105,0
2.500107923407201,0.06656891753785471,0
-0.9361623113413637,-0.4181979943588368,0
1.2799737564149716,-1.5193946151311226,0
-3.3381288793919435,-0.17068014919375343,0
-3.073739466820452,-1.4654715495849577,0
0.15695677909841482,-1.6947084044069889,0
-0.4616544265402884,-0.39117643736054836,0
1.9399806218623905,0.46242861433600785,0
-0.9475967224053182,2.212827500852953,0
2.4674351476487666,3.305294649583671,0
0.29667180493933915,-1.335745383370298,0
-1.2892250342184055,1.6618788421933777,0
1.3706083940185216,-3.698590929503706,0
0.816988415492022,-0.0808728528269457,0
1.1534257680993198,1.7550412205712376,0
-1.8949299073068124,-3.4075262306035468,0
3.157120632360211,1.7613053100155238,0
-1.9603151704563622,3.3329454195403923,0
0.23774173816642694,-1.3711794116276577,0
0.6981302418397551,-0.8724415574515452,0
-1.0850084199989332,1.5384039317811693,0
3.183091678901826,-0.5612435979535724,0
-1.9409497954153845,2.308929926475309,0
0.10614091503047063,-0.33873756277119327,0
1.1466775674325536,1.5396419787877782,0
-0.4464196009154935,-1.6830476836147827,0
0.3835858904598934,-4.2029866264721685,0
2.2183699670753936,-0.5350924957276095,0
-0.08034540562173363,-3.9445021682329218,0
-0.8521640604006341,0.6015565856702618,0
1.3082362233243132,0.43860245216038823,0
-0.9972417524464339,-1.639697720651491,0
0.7948427580507162,-1.2842718842381555,0
0.24411969651063553,-1.4478164647460734,0
-0.9486545816904814,-0.9399409808710735,0
-3.1378600850158738,0.7864618874668169,0
1.8502975837678264,-1.7203095930167933,0
-0.684469935142194,0.5751747890169291,0
-2.596526632417159,-1.7711544748892243,0
-1.850266326763839,1.628306898487515,0
-3.233281161921761,-0.962057051101815,0
0.33433542391272036,2.229115082516031,0
0.5069710493826918,0.15944050295954437,0
1.3185952838032196,0.8653823761876128,0
5.21882459444895,0.7985498334818738,0
-4.589118223710442,2.402250959962353,0
-0.5690527098883125,-2.907498456564001,0
-1.8001836731541547,2.24403088347404,0
0.6544402952478303,3.6741743516421828,0
3.7939856033559094,5.075022842672514,0
1.7121016773026745,0.6169917249402976,0
-2.3296163636267107,0.5499353922035395,0
2.7903754831314576,-1.3225550636731385,0
-3.204245935164412,3.617121872104694,0
0.851287792571173,2.08225693313387,0
0.8497861574978751,-0.25276039781703513,0
-1.3607459923583634,-0.1809619096201638,0
-0.13777704745405858,-0.04071438438752699,0
-2.4255003315171684,1.7581236708154937,0
0.14721381705928288,-1.5072713756062528,0
-3.7875700497481857,1.3444732221501707,0
-2.043129074288374,1.4252778249817577,0
-0.6240410893748564,-0.3038995555809475,0
0.31981399083426204,0.7839154996108801,0
-0.46006430305252194,0.9916226452973528,0
-3.207636265829873,1.2850308159423467,0
-1.5835395478363965,-2.898005421979338,0
-0.6045145467212044,0.18471038631347486,0
-3.105193715882049,-0.16118521048885745,0
1.8481261685143835,-0.7489914681314241,0
-0.7806726387151709,-0.0649670988879391,0
1.9496540413940533,-5.05185904174042,0
-2.3617838337614945,0.6355579971273625,0
0.3397907799913794,-0.3218469801932267,0
-0.9170220847969923,3.055216395060447,0
-1.2335605286510738,-0.8996047843572776,0
2.0583082769136936,-0.02620882318275122,0
1.5335526009432034,1.6138980753975307,0
-0.7224502985603906,-4.359540797732471,0
-0.2187260124452605,-1.4952877616062787,0
1.31339958528459,0.7154397584434987,0
0.949478963833899,-0.258002392430239,0
2.228940296486475,-3.2482602580828224,0
0.3674663918408165,-0.0778412862385032,0
5.835886930963193,1.4374118354524186,0
1.030365793848297,-1.5347061109616253,0
1.4111926396223264,0.05998089665423367,0
0.3731781757179297,-0.08047699218365299,0
2.037429967661936,-1.4928111798370636,0
-1.8512080369634396,0.5805231285287312,0
-1.6480026870969597,0.8566837910339685,0
-2.382301632360545,-0.19505458600045467,0
-2.4530099727314716,-4.201117090444677,0
0.7546453244383173,3.13470851883939,0
-1.0764816947126101,-0.6929402740014429,0
-2.899160331338561,-0.6516017631629903,0
0.42160325829111245,-0.2379738067448085,0
-1.3952971910026115,1.2017485067701117,0
1.2419425265172754,-0.43218972178177156,0
-1.0885273786007765,1.8855655432354106,0
-1.57758761763487,1.9746790526249354,0
-2.6292102185890096,0.5370576040962809,0
-0.9463841689836542,-3.067397437952754,0
-0.33392929746363503,1.4085562950534587,0
-1.9183606595536071,0.3876484015677193,0
-3.717355040910333,-0.4674238288981743,0
-3.4976992165805325,0.48712217590053136,0
2.068482300750782,4.664247156354121,0
-0.2822126223186949,-0.8566439587247179,0
2.5594691605409645,0.825613433209427,0
-1.261544533233538,-0.4613167364546923,0
2.996732530417424,4.565206496092353,0
-3.0685451306800178,-0.3077716361761759,0
0.522094024376841,0.5730817430029038,0
1.5171539517874648,0.05146584822828059,0
-2.9697876364293068,0.4069885985344257,0
-0.1768808343143678,-0.9161157285534136,0
1.0745692481624003,-4.221149915370047,0
-0.7192819860086003,0.45262140598689515,0
3.7758160421754683,2.3258900351534577,0
2.977713697885062,-1.9032573839155535,0
-0.9992505680478437,-0.6090831849984071,0
0.9940375583931162,2.004470137725702,0
-0.33133059038069645,-3.4842423211342584,0
1.9666790724486574,-0.11002214852265978,0
1.8699584345150466,0.3786207194600601,0
2.5219941520415237,-0.7363350334839217,0
5.120686836316965,0.34675137134578365,0
0.7941855583978895,-0.35056294964654205,0
0.45936837297334815,-0.39054990176965043,0
-0.34744126814599474,-2.0589435027955694,0
-1.0319871804186884,0.17975481045039457,0
1.9903833212741624,-0.7649129274406793,0
-1.7905203514018746,1.7478863670002913,0
-3.0473101793036643,1.2211606667657133,0
0.3929862784238953,0.5925703720885707,0
4.767870295921016,1.1273387343632846,0
1.1883746837093163,-3.099361139496343,0
-2.1269398924763427,-2.013032537185936,0
1.2415447868618739,0.3799937570665215,0
-2.445328701572755,0.23159803344914823,0
1.9368363965086313,2.976649612542199,0
-2.066554615289164,2.106684667879994,0
0.4248284316254595,0.5686855642357768,0
0.42048635828404546,0.9420191605281959,0
1.934448772876328,2.9995149136283623,0
1.8771883816722243,2.4585884467289034,0
1.0717702618945417,0.10564534582256971,0
3.719485489711147,-0.004212928351146668,0
-3.424361548228235,1.3317714537627903,0
-2.444860259768682,2.479329753125034,0
-3.949388849191342,-0.503007060122813,0
-0.6113265667037496,2.7563680786695475,0
5.821584572153604,0.5037818078875866,0
-2.2720502951468333,-0.24184618580455997,0
1.6506054214131172,-0.44908727266663745,0
-0.708560082083806,-0.29861967915546034,0
2.1349355267531287,3.340866736087477,0
-0.8499201533553069,3.1713857870566105,0
-2.922117612760072,-1.9021762589627496,0
0.9364132381895686,2.365702954354153,0
4.135755037498701,-0.7375089943696584,0
1.9928511467856442,-2.3971957454184434,0
1.2162470878423335,-1.193830121255608,0
-1.049511985692802,0.011639592242030252,0
0.45031034798473807,3.4230902146445166,0
-2.5933675275796912,3.6166176604222207,0
-1.6367182582104767,0.8753371164789306,0
1.62419059211804,2.8378242011036603,0
1.8571816200629563,-4.621797241594298,0
0.6788379957007542,-2.6836464414529977,0
-3.383479114090723,-4.128991426202009,0
2.8900979275980854,4.349682942607964,0
-1.6751044745560324,-2.4122031398427684,0
0.22423618865951228,-5.322491277256106,0
2.021810382064812,0.7818328468988768,0
1.7494157710527036,1.6614362603206205,0
0.3194055152459474,-0.7064628007824689,0
1.8306790105018056,0.6822725562480162,0
-0.8266383846049065,-1.1890809545013437,0
0.4469951130788026,0.8005808353460433,0
-1.7933423426850406,4.478419536978082,0
2.6482976852331204,-3.6911714394272237,0
-0.7762339850730177,4.126182024109279,0
3.5258800918524322,-3.0009010841632096,0
-1.02317289174531,-1.4621936388605716,0
-1.31523207790415,-0.3027631134651197,0
1.8494269731732638,-1.8014857539635474,0
2.0725269466362604,-1.759149709894496,0
-1.0647740374794987,1.1274045129996415,0
1.8153965183895058,-0.9879813530945136,0
-1.8056646252502653,-0.9077331764738654,0
0.5239362008050347,0.2119604902349732,0
0.524540200845205,1.7022416385334025,0
0.9311367376204611,1.4058606564642775,0
1.4305316153650165,3.0174687511192126,0
2.471760532568179,1.9941331606126733,0
-3.4224373565855286,-0.7573828689739133,0
-2.800616555639644,0.5511463626116797,0
0.7120176933166616,1.3799599028641285,0
2.8183552852442144,-0.9161480397520491,0
3.1175870502542127,-0.8176951435685594,0
3.4301179522352885,3.562801393009986,0
1.6900590729881424,-1.9598235972007927,0
-2.9169567888170116,-0.3854055668324646,0
-1.7836043321791117,-0.0049131526749863685,0
1.0228260627757693,0.9370418624194371,0
0.18194872092779343,-0.23420453616104278,0
-0.6038858100425201,-3.085898949453047,0
1.2567237917252236,-2.7014649646706745,0
-0.9211546551827944,0.010304950313755725,0
-2.748853184850867,-1.2048237770522303,0
-2.932648835053104,-2.436982811402259,0
0.6258304301090897,-0.4300479002161763,0
-1.0286491195367367,-2.24536384699545,0
0.44614996850710853,-0.8144428321662973,0
-0.21834264502544673,1.2973544179565004,0
2.869744912838504,1.5654711162076795,0
0.6880608764300611,6.160332134612348,0
-2.3910965234975934,1.187079953924009,0
-1.5558454601818987,-3.817594216759354,0
-0.8599077996666606,0.43966862167624576,0
2.051762171091759,1.0031362040568716,0
-0.4251920704370499,0.6000322202393791,0
1.4179275613132325,1.9632078812586184,0
2.1839201593192374,-2.3110509232786085,0
-2.9031940249053205,3.957292324254247,0
-0.19893137351483356,1.1577488329027141,0
-0.2764473893586323,-0.9851266900753961,0
0.6449067010603102,-1.767604166577527,0
-1.8146173771105572,1.608269493456059,0
-0.39895086412420105,-0.24630491485792824,0
-1.1849071568932936,-1.9186373612477807,0
-1.3182342003844834,-1.7881094758352967,0
-0.8253389818114001,-4.88354798403867,0
0.6906546264760616,-1.7118598587060754,0
-4.639386741843299,0.6014520786722078,0
-0.7794663151626235,2.1584224993269867,0
-2.1343151337108903,0.43136979462161446,0
0.6834644374214988,-0.29329036254902563,0
1.419976469988877,-0.31293681252431066,0
1.8065954729347562,0.1344272159381251,0
0.7460397993182827,-0.7863718638776364,0
5.935448622776039,0.3844639500482867,0
0.3949097212555406,1.8071776144407852,0
6.1413617073472215,-0.4639715336221497,0
-0.9498850296451545,1.4222625139568161,0
-1.451930564562723,-0.5956248534493114,0
-3.721215393399928,3.4981627019946617,0
0.12700566528719381,1.7174185709736476,0
-1.0019269215801354,-1.4762367163794199,0
0.3943783468309722,2.9733552731314727,0
-1.147922076118453,2.271300554760916,0
-0.847661183120117,-0.010763686631244074,0
4.678917574735251,2.381645103103707,0
-2.462142341405869,-0.42433592724911745,0
0.6682887317029074,-2.4457051912997962,0
-1.0892042692724595,0.7353495102375843,0
2.0272697285161034,1.2630589452712797,0
-0.45990114034391044,-0.8830960092453259,0
1.0968725801563215,1.9404112156638795,0
1.7325951061718075,-0.09989035276756583,0
2.449610657680719,0.564502840525297,0
1.5214205040289095,-4.375689190330969,0
1.0733591859389484,0.12335180260522564,0
-2.0194196904642143,1.0235123139527262,0
0.4631237002587517,1.836715969808983,0
-0.6255395409778947,-0.4312984657356177,0
0.7509509683851942,-0.31898231113902237,0
-2.055452285087058,1.565291424558264,0
1.0675746031703457,1.140364175707276,0
1.7780417426673243,1.1600262263401775,0
1.7655157220454685,-3.204614592989197,0
0.23072344648125565,0.6923656774632515,0
5.660651029969523,1.714868784103675,0
0.41257992099693785,2.7528272538258407,0
0.9890557964421274,1.0119483304023251,0
-0.6514168538366584,3.1400147115475776,0
2.5744134555078575,-3.0255049287426945,0
1.8557478027258187,-1.9728856811609528,0
-2.795547336442337,-2.124052798106793,0
-1.478051584802652,-2.498001582474194,0
-1.6088749358381669,2.5172357715437332,0
0.44633550699571206,-5.250860405204991,0
-0.5289700101307248,2.203087198175383,0
-0.1961484915517238,-3.1684599457628115,0
0.4046530802045604,0.5455215483273308,0
0.6662453176890948,-4.950712384797201,0
-2.48550289454487,-1.9018156333369478,0
-0.4879572695669596,-3.2694872216414272,0
-0.9291046842234612,-2.4582092657243977,0
1.0663196352475337,-1.6689039994085062,0
0.9888852011984831,0.2469823672819412,0
2.4783539558183323,-1.2518290655861433,0
3.0478386562370345,6.126794451317989,0
1.1825848804234902,-0.31597674347630955,0
-0.21604601060683867,-2.0613358360863856,0
1.5310979052022105,-0.7908990064806347,0
-0.7256397909072784,-2.5496287895756224,0
-0.35020930289736757,1.4265699511730596,0
-2.4496045920252687,-0.44762930664398975,0
-0.2736180344629191,-3.1748836639470306,0
1.886562857927756,-4.438124128764666,0
-2.3938991422923634,1.4376517671512015,0
-0.19466965287650256,-0.08550774056296936,0
-0.7676736297426752,1.9909975762894212,0
1.314897388086907,-4.259143678977557,0
1.5382447240153851,0.5758044442499688,0
1.8902049659435556,4.378518507406393,0
-2.168643071122091,0.1014654765147417,0
1.8040528249995154,-1.5526935290922745,0
3.369545512040518,-0.9876096958555106,0
-1.6624089399683033,1.7820402331772913,0
-0.3247648211059735,0.43748456415032716,0
2.14460254751441,0.259306035233739,0
-3.305646420270764,-2.7151403966584726,0
0.7515598404047832,-2.3783027189832917,0
-1.8030904107263124,-1.2977843668083582,0
-1.0031313240862105,2.162483429145445,0
2.4722091882126347,0.729299275983993,0
-0.06807710986215156,2.243156670977559,0
-1.2894700804811543,4.784477423316217,0
3.2466958443333684,2.37046064683618,0
2.485044552126791,4.9796226056579815,0
-0.45408637713112426,0.041581537690349356,0
-1.1906148320802594,-0.13145304787523088,0
-2.8353590507906534,0.49325329825625125,0
-1.2884645143712947,0.07797984827741652,0
1.0311693752386173,0.35253034773017156,0
0.5879002031670866,-0.8472572515073147,0
-0.5304023801121001,1.665741459511012,0
4.162244309471493,-2.786094812431426,0
-2.4707296065085176,2.801889077797944,0
0.31540463632911164,0.4706934662824078,0
-1.8071435953243282,1.6189172897458157,0
-0.15313865523015346,0.28052555619746095,0
-2.6021899536543667,1.020834479903942,0
-1.1085122474159603,-1.1059667548133028,0
1.149617089700414,-0.5372013991619927,0
0.45516423412236984,2.2883829711843227,0
1.4954461659775662,-1.7365215853830454,0
0.06810961051912394,-0.3881539210844524,0
2.202962414198758,2.725207412761047,0
0.7184637169904912,-1.1383117205960782,0
-0.9755943053599979,-1.0117022213721616,0
-3.5655371267544687,0.12452456582151052,0
-0.6925853504836985,0.9250764234382776,0
-0.22973349170668322,-1.1151998643744785,0
1.0083205105902304,0.08465295548848348,0
-1.5934254428141248,1.9185449364705587,0
-0.025923284117352233,-1.1165925985312048,0
1.024918691774445,2.5182430349130485,0
3.2449745303295696,1.549182418412967,0
2.442241223181532,-1.2817659537193264,0
-3.341063130667416,1.4834154909996071,0
1.5062515883462146,-2.828884843940194,0
2.6519593103942456,-0.40451894585983067,0
-0.3586954068517541,1.338008725407558,0
-2.007125551368032,-1.629627257236508,0
-2.4417552065631956,-3.090717433902116,0
2.6093923946312696,3.0687764759627596,0
-4.072463941302252,1.808629982890988,0
1.5463663699763364,1.8975094831665078,0
1.2292360243216682,-0.68570875911249,0
0.6299288055328907,-1.0298706566785145,0
-1.2953871925821792,-0.7751787926993292,0
1.3459403641039611,-3.200626329986618,0
-0.8932594129748004,1.7406643644102282,0
-4.2860565206890255,-2.4681124858271364,0
-0.9978730473485031,-1.3585058413776545,0
-4.317094429697696,3.4267022271397556,0
1.3390148648186293,-0.38798270032218446,0
2.7916281969064958,2.5069758481008737,0
-2.1305069525388514,-0.11965123779540411,0
1.67015829648287,0.5345932928741789,0
-1.4998486544028138,-3.0280254951910948,0
1.707772596245802,0.39175542998932295,0
3.4444190758116693,0.6316428793347034,0
-1.7863360503183647,-1.3506188814191245,0
0.22304247064425692,-1.4639858283282385,0
2.346924898028805,2.0255150053953166,0
-3.8526248065438047,-1.0425678389863962,0
-1.3885227226068642,2.3049072573468425,0
-1.5893433640033372,-0.572358900339501,0
-0.35830017001288916,-0.8127370393512393,0
-2.313183323927182,-2.8471709941365555,0
0.9449297744127341,-1.1579445815242417,0
-3.7384151879347436,-0.5315961034297251,0
-0.6917826660317469,1.7106386077648612,0
-0.3656875001890604,-0.13390025761048255,0
-0.835713423362498,-0.17869311616259934,0
0.6186478875740397,2.2321138601300885,0
-2.0823638204295403,1.1419968648419203,0
1.4267572374254376,-0.9032312806241704,0
0.7484578892204388,-2.6818091947842024,0
2.6430658920481,2.3908674846633855,0
2.5297054377431967,-1.5275058810220024,0
3.8707054584659244,2.5346381168417724,0
-0.5169695420074788,0.9539653717147382,0
-0.8531399388343022,0.06988284237229228,0
-2.510489205075977,-0.254164310592099,0
-0.5094813763064338,2.20333365030514,0
-1.4665064548091407,-3.442598651857684,0
-1.8141887119981919,0.862926781266662,0
3.5900702863695346,0.2685602509223226,0
-0.3708136996842661,-1.136007929821809,0
2.312218145729252,-1.8748453588134,0
-0.13055087711055757,-0.5526740095485106,0
-3.0895789022440154,0.06278563321402833,0
-1.7843060510552549,-1.563239236652498,0
1.1449290531429155,-0.44371811157870916,0
1.4593797000064257,-1.6622104447531632,0
0.13314011327789313,1.9535107655465054,0
-1.3874686299178294,4.7515913984478155,0
0.3576509687379205,1.371127621698824,0
-0.18250812173079542,2.3391349248237727,0
4.303468660591999,0.3125797256901666,0
-0.5197826282240302,0.9742103910495344,0
-1.4422083404260537,0.1806875905169856,0
-4.532979736988644,1.2021061482323827,0
0.6394322855575105,0.20568148816203774,0
-3.1293368936250086,-1.5897077927834615,0
2.5576839076620606,0.06660637457004893,0
1.9696231772605868,1.001255188477032,0
2.3397086583204683,-0.07284920124602187,0
0.394510862132974,3.1287398628701895,0
4.332832939507793,0.5529678968834488,0
1.0761019847298783,-1.1098517158686196,0
0.6369856979116444,0.22252715111038726,0
0.79633673338242,-1.606511600791477,0
-1.5896603108971568,2.431586208229481,0
1.0103031421769806,-2.791865220501388,0
-0.9782383899088071,-0.9328297044317739,0
-1.1420461916499354,-2.348343248275545,0
-2.44854202169791,0.20333476996146205,0
-1.1458258193661883,1.0860333976626715,0
0.5648455475881016,2.721567997381291,0
1.4404778125891018,1.1066214978075495,0
-0.09858841377517584,0.5224213778740739,0
2.6439824325938743,-2.563955045997125,0
2.0696682300480793,-1.0494530781971925,0
-1.0521532319840277,0.7426894149633722,0
-3.632736924732535,-4.33624696251636,0
1.8215304413070685,0.3091811198586041,0
-4.331856375111629,-0.022815925867536287,0
-1.8634839300420682,-0.05774127467800186,0
2.088271043786025,-0.1409871623880898,0
2.2686248908596687,0.7913263458026129,0
-2.5199691128238078,-0.44824500920524235,0
-1.5846490801181117,-0.525981467086223,0
-1.3326810806716416,-1.0069686431579494,0
-2.459158905938846,-2.671986209242583,0
0.7388625812739603,1.9179964137755399,0
1.2147612564011616,2.0935340011643184,0
2.043168626125139,-1.27820126232646,0
-2.8319732451793165,1.921437143985074,0
2.0462365005940426,1.331540160561744,0
-0.39719297933292924,2.912275319104537,0
3.2474071743719053,2.5097708837981108,0
2.682463391431205,-2.027265279065556,0
-0.20411463072851183,-0.9985515870163669,0
-0.017467873810239263,1.2271652721743556,0
2.275257301858187,0.6888673773321298,0
1.7422750462997565,2.9289677341672666,0
-1.3253268873270887,1.2079343856863063,0
0.24283745166874793,0.2905470777248703,1
1.5559300043752518,1.1592892706923617,1
1.1028967225897168,0.7112683040040104,1
1.403305435033305,0.8929870820759327,1
0.8979321685511796,1.6317749294133777,1
0.21956244270507086,0.22174236075478704,1
0.551717680370338,1.1348495261018816,1
0.7032708967105021,0.9740285279268128,1
1.1745044586399191,0.7494972154343748,1
1.1225187520136097,0.9259160053699684,1
2.0913262144327676,1.031558908832658,1
1.8542567309427938,1.0140234705164632,1
0.7548088522887615,1.2945967728687435,1
1.395324777285208,0.11340552246057645,1
1.6557593602209506,1.5005214700102396,1
0.605247580659181,0.9386271383103322,1
0.8551079880131723,1.0315828462888395,1
0.7477175108826397,1.8083034487438376,1
1.230852691131832,1.119355981757908,1
1.7055354550450228,1.8259779467772845,1
0.060482020205615106,0.5917872871950958,1
0.7870815069992796,0.4052775981118507,1
1.9991958761107766,1.397887134085304,1
1.1189005803294814,-0.3785336392492076,1
1.4974158144330896,0.7293846266426608,1
0.7510604187449499,2.000058002847104,1
1.368024422110942,0.9392409834352485,1
1.6092790016463212,1.386416206560826,1
0.8383077205872654,0.5703921828728771,1
1.0628611677238875,1.2078569401742487,1
1.2804315098539107,0.5738416867263207,1
0.8589313130090377,1.1057828523263813,1
1.2598646699766456,-0.29083168681951577,1
0.6563945473692194,1.0300262514304301,1
0.4610195586184209,0.7551582819152065,1
0.5994477607820605,1.3371728684409263,1
1.0047762070674153,1.2498814337117803,1
0.6559998797298957,1.5700512650091965,1
1.8232723655505005,0.9100279640327372,1
1.3102415209500506,1.8616226506433267,1
0.371456482949443,1.1903689981973484,1
0.7268545155476669,1.4928957786411419,1
0.482450117071328,0.33460340043356107,1
1.5354368346516551,0.815654003041041,1
1.296876528496296,1.807694373963539,1
0.8645782022865727,0.5386986796107012,1
0.6464311585983344,2.023634827839385,1
1.0610196337396556,0.2357368915758774,1
1.0144597430334235,0.6968608694958633,1
1.0874304893555817,-0.014224092126799315,1
1.4817538240934804,0.36353034457021094,1
1.2051498406565904,0.31181639504141934,1
0.6537576044686151,1.0924631050023723,1
1.478343962515687,1.1978534183084941,1
1.3763315267474503,1.7752974240325314,1
0.47644793783653827,1.587411074987548,1
1.4481451213759784,0.9256377963290127,1
0.37318057882935973,0.9676561949873813,1
1.3186269819753944,0.4969177310305699,1
0.4121630478362106,1.3891969946309906,1
0.4309671750605486,0.5593601060061126,1
1.5031597803248526,0.7257464309914593,1
0.6451863543443408,0.7994824805002878,1
0.7814216669159595,2.2364849286292716,1
1.9596949856699792,2.0152971675111266,1
1.0517300336597322,1.1539863808351685,1
1.2930693972804659,-0.7746811246950227,1
1.088337907621143,-0.18492916800539838,1
0.9747559868398644,0.38596027916147835,1
1.1948518667569514,1.4795141364307955,1
1.1673794831952453,1.700277334946228,1
0.4314795100288402,0.8449804196860119,1
0.5723298369406766,0.1501686998630406,1
0.8494749716010235,1.2138513496616112,1
0.8675480251141108,2.0469435192913155,1
1.869699849412011,1.2022167238604187,1
0.42862819920106954,0.49801003093344776,1
1.468220263634409,1.1718797447882752,1
0.7264685519268053,0.12885310373704595,1
1.0032542411478917,0.8538586758395487,1
0.3265917033887574,1.001524874557883,1
1.5873885714537919,0.7829079544246651,1
0.33009120929582714,1.8025976287979424,1
0.7853248255182749,0.9342047997427609,1
0.7418008153581862,0.28388991497782745,1
1.1523022388641888,0.9329748174318956,1
0.863155982669684,1.8685193939998404,1
1.0515176618227366,0.6257781231629751,1
1.114117204601198,1.2413450878013705,1
1.8887306814420217,0.9977616936676309,1
1.1754355737991518,-0.42203566184950647,1
1.6592331394481068,1.591360931735382,1
1.8136859817943758,0.39988273669026286,1
0.87946911943458,0.501318421611915,1
1.3235212998873096,1.1246290032407744,1
0.6075178993253354,0.5789874454990374,1
0.23959597123013388,0.30583419584511085,1
1.1180021271907743,1.7795007240630794,1
2.1151804555584626,0.627440981845033,1
0.49147877311993926,0.8123147623192467,1
1.145941156950506,0.9240520601814868,1
1.8229773660272885,0.6006733896873591,1
1.3563689158850267,0.7207902069384947,1
0.35715733940288474,0.7451036282612242,1
1.1017477182526398,1.395845034982321,1
0.9233771365306364,1.3684727322266685,1
1.3310752095615699,0.4340324756598062,1
0.5473577068922748,1.7509224736208617,1
0.6599019516636617,0.7946809398372414,1
0.8512154849138078,1.7414097780988258,1
1.3440477563499993,1.1982648155360285,1
1.3184838107232146,0.4918060208285473,1
1.211630932171686,0.857609251181477,1
1.1363287205605244,0.7629987465228132,1
1.4472006057437046,0.48466663131183774,1
0.6997829039025729,-0.0008929072770336166,1
1.2678346067826487,1.2372456351093606,1
1.346603458035389,0.8300603372522631,1
0.9877220974970037,0.9953089737618228,1
1.1501807868056475,0.9539230922876449,1
0.91321783102194,-0.004393925829758061,1
0.9720631763201895,0.9956635447003691,1
0.4645996959367318,1.1526856647627073,1
0.95158225419635,0.8793394622632651,1
0.4301980947251878,0.5942945880921109,1
1.0188410842466311,0.1549893367866515,1
1.6160925256956427,0.9593601473659202,1
0.3473483437391417,0.8803960056749107,1
0.9024308868358144,1.0784260937896832,1
0.9850346874960693,1.3748997323496872,1
0.5082158745070889,1.3619963714489072,1
0.6413694988953009,1.426899880907115,1
1.0047655656236012,1.1365810722950362,1
1.5985809500446155,0.9215820808655542,1
0.6976065254832264,0.6836444680573781,1
1.2801100321946133,0.559891991840348,1
1.3374213256210148,0.7925128957190803,1
0.9648430582052838,1.792702126292163,1
0.8586654601523372,1.5893248983325095,1
0.9119666791208599,1.2254542174936096,1
1.1370214195941841,2.2379652245169974,1
0.7038590567785704,0.8230358542719323,1
-0.11946383043008924,0.484422301259413,1
0.483210236162097,1.2500999440883,1
1.186350948142967,1.537384978733425,1
1.0784055430531445,1.1676660964708256,1
1.3029215725413044,1.2000562682879012,1
0.3668066013185155,1.3759595780786493,1
0.8790905004165791,-0.6149963847217332,1
1.04660612067187,0.6173565344237026,1
1.0702233047620509,1.3009522389897084,1
0.800375210709765,0.2863205046289645,1
0.7220874728015856,0.7224444537590313,1
1.1171777985824416,0.9251412399704874,1
2.054469609727878,1.0468875230273067,1
1.2759085193921815,1.8514452271669004,1
0.4020151007787155,1.6541718349101346,1
0.7020413543730771,0.7513394769098303,1
0.7020971105199849,1.3547095148722006,1
1.7131146803643764,0.9616822152923101,1
0.79960831792732,0.9389138224684391,1
0.7976956629204811,1.514022242392009,1
1.2043824062778306,1.4757105754469957,1
0.7355318926811414,0.9415366404326144,1
1.6386995488836846,1.7648486692106524,1
1.2390970707277689,1.6269511102239158,1
0.8760909665890919,-0.3782819960023798,1
0.2776653998765528,0.4274491514300329,1
0.3721358743126829,0.8451628769403013,1
0.8619846314358685,0.6837682566936019,1
0.42053921878858236,1.987922898104697,1
1.0804875071413733,1.5325735591394425,1
2.4287769768370215,0.7123370153747123,1
0.6138551088033513,1.5522740921170537,1
0.4133198626412903,0.5246061797300716,1
1.9700028232141937,1.6689450662426286,1
1.3101389362349594,0.5567297633296704,1
0.6619897979554772,1.2541013470083944,1
0.9429630038332871,1.5390578522458287,1
1.5728078760829907,1.9194290677831165,1
1.0430023213353832,0.744450193241585,1
-0.2685679631877693,0.5338453087663195,1
1.0450279232914539,1.3065830794616589,1
1.0436162510582152,1.2294772388968418,1
1.7282980294971184,0.8414817935002326,1
0.9379876435097761,1.1239600809340986,1
2.3874212541816275,1.0786661239806845,1
1.0253788934952899,0.8062064764184325,1
1.153152542111702,1.7305065506154103,1
0.03530884272562351,0.6367568871407701,1
1.547483405813847,1.5682679244273727,1
1.601010183337645,1.049604497397293,1
1.3090739479126134,0.3800588771394131,1
0.5108695520847419,1.3344398949851273,1
1.8946298514002853,0.8623946348369655,1
1.427826158556416,1.2372270733897777,1
1.6410891791421283,1.0187511093383015,1
0.4921728676257432,0.3786508018347339,1
2.4485323084802646,1.2394922162347797,1
0.5771634278698313,0.3660332449105117,1
1.685172624518104,2.2682656409688864,1
1.1975574850166604,1.216382834009192,1
1.8743495672904116,0.3465708075603131,1
1.5165975887299532,0.5578775527954742,1
1.6976106364715922,0.6637760757970392,1
1.3012067844920128,1.7975204009271346,1
1.6570224520528778,0.4154498562205411,1
1.3379994746304882,0.9293700251005792,1
1.3830715555790236,1.9478027456317886,1
1.1274646811336624,1.419453299431106,1
1.1106636617584966,1.1149503345890501,1
0.7665398185993817,0.6656471015852,1
1.2290394746452598,0.6232801478844652,1
1.8245253818561267,0.8061923836476286,1
0.48435830298734683,0.800078803384541,1
0.889242945218054,1.73243943530461,1
0.346161664671478,0.8583203103544894,1
0.6724539485466586,1.4034809144025737,1
1.5243298242784995,0.13965072103772747,1
0.762107157461312,0.4405839015712776,1
0.7795195190115732,0.5095902626182909,1
1.122975888653707,0.7884104744217543,1
0.21758828504622296,0.7208916109292789,1
1.4607965749533895,0.4148329998722363,1
0.6898938417574156,1.7664811729829213,1
1.4370871310573563,0.9902851807031013,1
0.8628415520952442,1.7283379232470195,1
0.4941172813384116,1.3538421528777242,1
0.9712496571457788,1.131861877869837,1
0.25695280867511494,1.6202354761515805,1
0.9782242249184179,1.010936147543398,1
1.3213322469608304,1.7823574343167279,1
0.5317339341862741,0.4440854364647636,1
0.2919481134813219,1.162426375507962,1
0.19167981872437034,1.4955757044397369,1
1.5700163427686455,0.563736963020899,1
1.9567566081217758,1.2294653875047752,1
0.8238880733734844,0.9342835829692835,1
1.1087075968354068,0.21484156148455325,1
1.197729789949016,1.3123250964822508,1
1.2385306844123503,0.5584276319876387,1
0.6205207388728771,0.9000712523871858,1
1.5594918335831032,1.803616090714852,1
0.8135006763141505,0.8563568293632426,1
1.5823601203447355,2.1596385327481156,1
0.2686816149106177,0.9713594344770333,1
0.9726446261204104,0.8291180414051645,1
0.9770391745568534,0.9866814210971888,1
-0.04111204005087199,1.2200153780489087,1
0.41648447137345035,0.7222758759969935,1
